Customer_id,Nombre,Surname,Email,RFC
3547,Byrann,Le Huquet,blehuquet0@google.cn,3756412389046
3548,Nicol,Gommery,ngommery1@netlog.com,3756412389047
3549,Dina,Beeken,dbeeken2@moonfruit.com,3756412389048
3550,Georgie,Crouse,gcrouse3@adobe.com,3756412389049
3551,Jilli,Dibley,jdibley4@lycos.com,3756412389050
3552,Vasilis,Leefe,vleefe5@mlb.com,3756412389051
3553,Neal,Bareford,nbareford6@alibaba.com,3756412389052
3554,Gabbie,Burchnall,gburchnall7@networkadvertising.org,3756412389053
3555,Alyse,Cadogan,acadogan8@hugedomains.com,3756412389054
3556,Gayel,Bremmer,gbremmer9@independent.co.uk,3756412389055